{
  "gaze_coords": [
    [
      0.429463621918802,
      0.0
    ],
    [
      0.4689979390019462,
      0.0
    ],
    [
      0.4461731583040247,
      0.0
    ],
    [
      0.371292679769094,
      0.0
    ],
    [
      0.39875764167182665,
      0.0
    ],
    [
      0.3759536530639305,
      0.0
    ],
    [
      0.5125120497412152,
      0.0
    ],
    [
      0.48213800611675434,
      0.0
    ],
    [
      0.4287765705958009,
      0.0
    ]
  ],
  "screen_coords": [
    [
      0,
      128
    ],
    [
      1280,
      128
    ],
    [
      2560,
      128
    ],
    [
      0,
      800
    ],
    [
      1280,
      800
    ],
    [
      2560,
      800
    ],
    [
      0,
      1472
    ],
    [
      1280,
      1472
    ],
    [
      2560,
      1472
    ]
  ]
}